{
  "study_name": "comprehensive_max_units_optimization",
  "optimization_type": "COMPREHENSIVE_MAXIMUM_UNITS",
  "total_time_minutes": 0.20597198406855266,
  "completed_trials": 51,
  "best_score": 8.226663771039423,
  "best_params": {
    "mini_game_length": 2,
    "betting_progression": "conservative_1_2_3",
    "base_bet_size": 3.843100201639588,
    "kti_threshold": 6,
    "use_advanced_kti": true,
    "exit_strategy": "basic_plus_ml",
    "entropy_weight": 0.9992575083425378,
    "slope_weight": 0.3711883022126147,
    "momentum_weight": 1.8606169860296984,
    "confidence_threshold": 0.8218619984240512,
    "hard_stop_loss": -26.704680666451054,
    "ml_checkpoint_hand": 38
  },
  "timestamp": "2025-06-16T18:04:43.433199",
  "analysis": {
    "betting_progressions": {
      "fibonacci": {
        "avg_score": -7.075224296968291,
        "best_score": -0.9449496395017869,
        "trials_count": 30,
        "std_dev": 4.072387618374895
      },
      "flat": {
        "avg_score": -12.451841177949666,
        "best_score": -4.752981168332532,
        "trials_count": 3,
        "std_dev": 6.51316903244607
      },
      "martingale": {
        "avg_score": -14.159359433806847,
        "best_score": -8.090250907796502,
        "trials_count": 5,
        "std_dev": 5.499398211253993
      },
      "conservative_1_2_3": {
        "avg_score": -21.695915784088616,
        "best_score": 8.226663771039423,
        "trials_count": 8,
        "std_dev": 26.447582410700086
      },
      "custom_weighted": {
        "avg_score": -6.204136867265606,
        "best_score": -5.42901678598481,
        "trials_count": 2,
        "std_dev": 0.7751200812807957
      },
      "aggressive_1_3_9": {
        "avg_score": -3.941110524198185,
        "best_score": -3.941110524198185,
        "trials_count": 1,
        "std_dev": 0.0
      },
      "classic_2_4": {
        "avg_score": -32.47754787448064,
        "best_score": -32.47754787448064,
        "trials_count": 1,
        "std_dev": 0.0
      }
    },
    "exit_strategies": {
      "basic_plus_ml": {
        "avg_score": -11.260303360847697,
        "best_score": 8.226663771039423,
        "trials_count": 8,
        "std_dev": 10.881210184144186
      },
      "trailing_only": {
        "avg_score": -10.226031254807406,
        "best_score": -4.752981168332532,
        "trials_count": 5,
        "std_dev": 6.106905705100228
      },
      "all_exits": {
        "avg_score": -13.525353327201435,
        "best_score": -0.9449496395017869,
        "trials_count": 12,
        "std_dev": 22.24744477371848
      },
      "ml_overlay_only": {
        "avg_score": -7.4239400222513465,
        "best_score": -2.5477650141231583,
        "trials_count": 5,
        "std_dev": 3.6201111122721463
      },
      "basic_stop_only": {
        "avg_score": -9.551816688204557,
        "best_score": -1.6439352603799284,
        "trials_count": 14,
        "std_dev": 8.095453276289788
      },
      "basic_plus_trailing": {
        "avg_score": -11.406891864082425,
        "best_score": -6.979256948546402,
        "trials_count": 6,
        "std_dev": 4.712247331451329
      }
    }
  },
  "insights": {
    "best_betting_progression": "aggressive_1_3_9",
    "best_exit_strategy": "ml_overlay_only",
    "optimization_efficiency": 14856.389396052791
  },
  "features_used": {
    "real_time_monitoring": true,
    "parameter_importance": false,
    "visualizations": true,
    "early_stopping": true,
    "anti_placebo_verification": true
  },
  "top_10_trials": [
    {
      "trial_number": 6,
      "score": 8.226663771039423,
      "params": {
        "mini_game_length": 2,
        "betting_progression": "conservative_1_2_3",
        "base_bet_size": 3.843100201639588,
        "kti_threshold": 6,
        "use_advanced_kti": true,
        "exit_strategy": "basic_plus_ml",
        "entropy_weight": 0.9992575083425378,
        "slope_weight": 0.3711883022126147,
        "momentum_weight": 1.8606169860296984,
        "confidence_threshold": 0.8218619984240512,
        "hard_stop_loss": -26.704680666451054,
        "ml_checkpoint_hand": 38
      }
    },
    {
      "trial_number": 2,
      "score": -0.9449496395017869,
      "params": {
        "mini_game_length": 2,
        "betting_progression": "fibonacci",
        "base_bet_size": 1.0558414963713951,
        "kti_threshold": 3,
        "use_advanced_kti": false,
        "exit_strategy": "all_exits",
        "entropy_weight": 2.4956078082481947,
        "slope_weight": 0.7054856688597074,
        "momentum_weight": 2.0259145862762016,
        "confidence_threshold": 0.8666624175695863
      }
    },
    {
      "trial_number": 5,
      "score": -1.6439352603799284,
      "params": {
        "mini_game_length": 4,
        "betting_progression": "fibonacci",
        "base_bet_size": 0.6926187370546011,
        "kti_threshold": 5,
        "use_advanced_kti": true,
        "exit_strategy": "basic_stop_only",
        "entropy_weight": 0.8088677355954762,
        "slope_weight": 1.1324802329491297,
        "momentum_weight": 1.1731196370184742,
        "confidence_threshold": 0.8356150768506616,
        "hard_stop_loss": -47.18465029669235
      }
    },
    {
      "trial_number": 21,
      "score": -2.469471237270274,
      "params": {
        "mini_game_length": 2,
        "betting_progression": "fibonacci",
        "base_bet_size": 1.9085776052368386,
        "kti_threshold": 4,
        "use_advanced_kti": false,
        "exit_strategy": "all_exits",
        "entropy_weight": 2.4114436084177204,
        "slope_weight": 0.910127392141375,
        "momentum_weight": 1.4147288214028344,
        "confidence_threshold": 0.7913828507003426
      }
    },
    {
      "trial_number": 29,
      "score": -2.5017190270062644,
      "params": {
        "mini_game_length": 2,
        "betting_progression": "fibonacci",
        "base_bet_size": 1.9425227263924012,
        "kti_threshold": 4,
        "use_advanced_kti": false,
        "exit_strategy": "all_exits",
        "entropy_weight": 2.5954392094366296,
        "slope_weight": 0.17857793521001308,
        "momentum_weight": 2.2023323894085602,
        "confidence_threshold": 0.8941141451942304
      }
    },
    {
      "trial_number": 26,
      "score": -2.5477650141231583,
      "params": {
        "mini_game_length": 2,
        "betting_progression": "fibonacci",
        "base_bet_size": 1.9909922950997783,
        "kti_threshold": 4,
        "use_advanced_kti": false,
        "exit_strategy": "ml_overlay_only",
        "entropy_weight": 2.6549306979033025,
        "slope_weight": 0.32836202105627427,
        "momentum_weight": 2.30804016624293,
        "confidence_threshold": 0.8504826904795153,
        "ml_checkpoint_hand": 78
      }
    },
    {
      "trial_number": 27,
      "score": -2.738517861771186,
      "params": {
        "mini_game_length": 2,
        "betting_progression": "fibonacci",
        "base_bet_size": 2.1917851649975857,
        "kti_threshold": 4,
        "use_advanced_kti": false,
        "exit_strategy": "all_exits",
        "entropy_weight": 2.278104876284917,
        "slope_weight": 1.354793043986815,
        "momentum_weight": 2.7010157337253404,
        "confidence_threshold": 0.7843826423868587
      }
    },
    {
      "trial_number": 0,
      "score": -3.6579634122214966,
      "params": {
        "mini_game_length": 2,
        "betting_progression": "fibonacci",
        "base_bet_size": 2.825201986018488,
        "kti_threshold": 3,
        "use_advanced_kti": true,
        "exit_strategy": "basic_plus_ml",
        "entropy_weight": 2.5225187466556402,
        "slope_weight": 2.6708923217928886,
        "momentum_weight": 2.804698666884516,
        "confidence_threshold": 0.888732203337971,
        "hard_stop_loss": -82.1093459305824,
        "ml_checkpoint_hand": 60
      }
    },
    {
      "trial_number": 24,
      "score": -3.7069297018719793,
      "params": {
        "mini_game_length": 3,